<?xml version="1.0" encoding="ISO-8859-1" standalone="yes"?>

<!--
Atomic Counters (OpenGL 4.2) demo.

GL_ARB_shader_atomic_counters:
http://www.opengl.org/registry/specs/ARB/shader_atomic_counters.txt  


Note: this demo uses two atomic counter buffers, one in the vertex shader
and the second one in the pixel shader.


Related articles on Geeks3D.com
- http://www.geeks3d.com/20131031/opengl-4-2-atomic-counters-rasterization-pattern-helper-for-rendering-optimization-windows-linux/
- http://www.geeks3d.com/20120309/opengl-4-2-atomic-counter-demo-rendering-order-of-fragments/

-->

<geexlab>

  <window name="win3d01" title="Atomic Counters (OpenGL 4.2)" 
          width="600" height="800" 
          gl_version_major="4" gl_version_minor="2" />
          

  <gpu_program name="ac_prog" filename_vs="vs.glsl" livecoding_vs="0" filename_ps="ps.glsl" livecoding_ps="0" />
  
	<script name="init_scene" run_mode="INIT" filename="init.lua" />

	<script name="update_scene" run_mode="FRAME"  filename="frame.lua" livecoding="1" />

	<script name="resize_scene" run_mode="SIZE" >
		<raw_data><![CDATA[	

winW, winH = gh_window.getsize(0)

gh_camera.update_ortho(camera_ortho, -winW/2, winW/2, -winH/2, winH/2, 1.0, -1.0)
gh_camera.set_viewport(camera_ortho, 0, 0, winW, winH)

local aspect = 1.333
if (winH > 0) then
  aspect = winW / winH
end  
gh_camera.update_persp(camera, 60, aspect, 0.1, 1000.0)
gh_camera.set_viewport(camera, 0, 0, winW, winH)

		]]></raw_data>
	</script> 
  
  
</geexlab>

