<?xml version="1.0" encoding="ISO-8859-1" standalone="yes"?>


<!--
This Vulkan demo is based on this WebGL demo: https://www.shadertoy.com/view/MdcXzn
-->


<geexlab>
	
  <window name="win3d01" title="Vulkan - Shadertoy > Geomechanical" 
          width="800" height="400" resizable="1" menubar="1" 
          separate_render_thread="1" gpu_index="0"
          renderer_type="Vulkan2" vsync="0" />
  



	<script name="init_scene" run_mode="INIT" filename="init.lua" />
	<script name="update_scene" run_mode="FRAME" filename="frame.lua" />
	
	
	<script name="terminate_scene" run_mode="TERMINATE" >
		<raw_data><![CDATA[	

gh_gml.stop_update_thread()
gh_gpu_buffer.unmap(ub1)
kx_terminate()

		]]></raw_data>
	</script> 
	
	

	<script name="resize_scene" run_mode="SIZE" >
		<raw_data><![CDATA[	

  winW, winH = gh_window.getsize(0)

		]]></raw_data>
	</script> 
  
  
</geexlab>
